variable,count,mean,std,min,25%,50%,75%,max,original
dummy1,1000.0,-0.0003539399020033087,0.010502484326204887,-0.0350932861346748,-0.007162091507305825,-0.0009681533928097999,0.006768378198084975,0.0420070169426693,-0.0021986956951138
dummy2,1000.0,0.00010724897272612504,0.009205704663945477,-0.033269185130095,-0.0060965057678625,-1.2479269393850245e-05,0.0064730590882797505,0.0269247824505782,0.0077650303614191
x1,1000.0,0.11457745646853282,3.0828755675350963,-8.97582720438717,-1.9319918730331076,0.02167520750406875,2.138460627292178,28.204825680055595,28.204825680055595
x2,1000.0,0.29869229929595786,8.126473169736743,-23.164909110753136,-4.95831031754907,0.2401253395645106,5.547665321295624,75.05049160937052,75.05049160937052
x3,1000.0,0.012522925268444169,1.8884285856030492,-5.179887003187268,-1.1915501137775788,0.01856523792131345,1.2383860469020964,17.753077393963256,17.753077393963256
